Nom_de_Domaine,have_IP,have_at,longueur,profondeur,nb_de_caractere_spec,redirection,http_ds_domaine,red_URL,whois,periode_de_vie,age_url,iframe,forwarding,label
blogger,0,0,0,0,1,0,0,0,0,0,0,0,4,0
google,0,0,0,0,1,0,0,0,0,0,0,0,0,0
youtube,0,0,0,0,1,0,0,0,0,0,0,0,1,0
linkedin,0,0,0,0,1,0,0,0,0,0,0,0,1,0
google,0,0,0,0,1,0,0,0,0,0,0,0,0,0
google,0,0,0,0,1,0,0,0,0,0,0,0,2,0
wordpress,0,0,0,0,1,0,0,0,0,0,0,0,0,0
apple,0,0,0,0,1,0,0,0,0,0,0,0,1,0
google,0,0,0,0,1,0,0,0,0,0,0,0,2,0
google,0,0,0,0,1,0,0,0,0,0,0,0,2,0
mozilla,0,0,0,0,1,0,0,0,0,0,0,0,1,0
microsoft,0,0,0,0,1,0,0,1,0,0,0,0,2,0
cloudflare,0,0,0,0,1,0,0,0,0,0,0,0,1,0
wikipedia,0,0,0,0,1,0,0,0,0,0,0,0,1,0
youtu,0,0,0,0,1,0,0,0,0,1,1,0,1,0
adobe,0,0,0,0,1,0,0,0,0,0,0,0,1,0
europa,0,0,0,0,1,0,0,0,0,1,1,0,1,0
blogspot,0,0,0,0,1,0,0,1,1,1,1,1,1,0
google,0,0,0,0,1,0,0,0,0,0,0,0,2,0
google,0,0,0,0,1,0,0,0,0,0,0,0,2,0
whatsapp,0,0,0,0,1,0,0,0,0,0,0,0,1,0
googleusercontent,0,0,0,0,1,0,0,1,0,0,0,1,1,0
google,0,0,0,0,1,0,0,0,0,0,0,0,2,0
google,0,0,0,0,1,0,0,0,0,0,0,0,2,0
amazon,0,0,0,0,1,0,0,0,0,0,0,0,1,0
feedburner,0,0,0,0,1,0,0,0,0,0,0,0,0,0
github,0,0,0,0,1,0,0,0,0,0,0,0,0,0
t,0,0,0,0,1,0,0,0,0,1,1,0,1,0
vk,0,0,0,0,1,0,0,0,0,0,0,0,1,0
istockphoto,0,0,0,0,1,0,0,0,0,0,0,0,0,0
uol,0,0,0,0,1,0,0,0,0,0,0,0,1,0
facebook,0,0,0,0,1,0,0,0,0,0,0,0,1,0
google,0,0,0,0,1,0,0,0,0,0,0,0,0,0
vimeo,0,0,0,0,1,0,0,0,0,0,0,0,0,0
cnn,0,0,0,0,1,0,0,0,0,0,0,0,2,0
google,0,0,0,0,1,0,0,0,0,0,0,0,1,0
jimdofree,0,0,0,0,1,0,0,0,0,1,1,0,1,0
google,0,0,0,0,1,0,0,0,0,1,1,0,1,0
wikipedia,0,0,0,0,1,0,0,0,0,0,0,0,1,0
ok,0,0,0,0,1,0,0,0,0,0,0,0,0,0
nih,0,0,0,0,1,0,0,0,0,1,1,0,1,0
google,0,0,0,0,1,0,0,0,0,1,1,0,1,0
google,0,0,0,0,1,0,0,0,0,0,0,0,1,0
dailymotion,0,0,0,0,1,0,0,0,0,0,0,0,1,0
wikipedia,0,0,0,0,1,0,0,0,0,0,0,0,1,0
opera,0,0,0,0,1,0,0,0,0,0,0,0,1,0
google,0,0,0,0,1,0,0,0,0,1,1,0,1,0
shopify,0,0,0,0,1,0,0,0,0,0,0,0,1,0
who,0,0,0,0,1,0,0,0,0,1,1,0,1,0
forbes,0,0,0,0,1,0,0,0,0,0,0,0,1,0
netvibes,0,0,0,0,1,0,0,0,0,0,0,0,2,0
paypal,0,0,0,0,1,0,0,0,0,0,0,0,2,0
line,0,0,0,0,1,0,0,0,0,0,0,0,1,0
brandbucket,0,0,0,0,1,0,0,1,0,0,0,0,0,0
imdb,0,0,0,0,1,0,0,0,0,0,0,0,1,0
live,0,0,0,0,1,0,0,0,0,0,0,0,1,0
gravatar,0,0,0,0,1,0,0,0,0,0,0,0,1,0
dropbox,0,0,0,0,1,0,0,1,0,0,0,0,1,0
msn,0,0,0,0,1,0,0,0,0,0,0,0,2,0
yahoo,0,0,0,0,1,0,0,0,0,0,0,0,0,0
bbc,0,0,0,0,1,0,0,0,0,0,0,0,1,0
wordpress,0,0,0,0,1,0,0,0,0,0,0,0,1,0
google,0,0,0,0,1,0,0,0,0,0,0,0,0,0
nytimes,0,0,0,0,1,0,0,0,0,0,0,0,1,0
slideshare,0,0,0,0,1,0,0,0,0,0,0,0,1,0
globo,0,0,0,0,1,0,0,0,0,0,0,0,1,0
wikimedia,0,0,0,0,1,0,0,0,0,0,0,0,1,0
blogger,0,0,0,0,1,0,0,0,0,0,0,0,4,0
creativecommons,0,0,0,0,1,0,0,0,0,0,0,0,0,0
enable-javascript,0,0,0,0,2,0,0,1,0,0,0,0,0,0
google,0,0,0,0,1,0,0,0,0,0,0,0,2,0
buydomains,0,0,0,0,1,0,0,0,0,0,0,0,2,0
youronlinechoices,0,0,0,0,1,0,0,0,0,1,0,0,1,0
wikipedia,0,0,0,0,1,0,0,0,0,0,0,0,1,0
medium,0,0,0,0,1,0,0,0,0,0,0,0,0,0
theguardian,0,0,0,0,1,0,0,0,0,0,0,0,2,0
weebly,0,0,0,0,1,0,0,0,0,0,0,0,0,0
google,0,0,0,0,1,0,0,0,0,0,0,0,2,0
w3,0,0,0,0,1,0,0,0,0,0,0,0,1,0
gstatic,0,0,0,0,1,0,0,0,0,0,0,0,1,0
reuters,0,0,0,0,1,0,0,0,0,0,0,0,1,0
booking,0,0,0,0,1,0,0,0,0,0,0,0,1,0
planalto,0,0,0,0,1,0,0,0,0,1,0,1,1,0
indiatimes,0,0,0,0,1,0,0,0,0,0,0,0,1,0
myspace,0,0,0,0,1,0,0,0,0,0,0,0,0,0
google,0,0,0,0,1,0,0,0,0,0,0,0,1,0
fandom,0,0,0,0,1,0,0,0,0,0,0,0,1,0
google,0,0,0,0,1,0,0,0,0,0,0,0,1,0
twitter,0,0,0,0,1,0,0,0,0,0,0,0,0,0
list-manage,0,0,0,0,2,0,0,0,0,0,0,1,1,0
instagram,0,0,0,0,1,0,0,0,0,0,0,0,1,0
rakuten,0,0,0,0,1,0,0,0,0,1,1,0,1,0
afternic,0,0,0,0,1,0,0,0,0,0,0,0,1,0
google,0,0,0,0,1,0,0,0,0,0,0,0,4,0
un,0,0,0,0,1,0,0,0,0,0,0,0,2,0
soundcloud,0,0,0,0,1,0,0,0,0,0,0,0,0,0
google,0,0,0,0,1,0,0,0,0,0,0,0,1,0
amazon,0,0,0,0,1,0,0,0,0,1,1,0,1,0
samsung,0,0,0,0,1,0,0,0,0,0,0,0,2,0
abril,0,0,0,0,1,0,0,0,0,0,0,0,4,0
wa,0,0,0,0,1,0,0,0,0,0,0,0,1,0
dailymail,0,0,0,0,1,0,0,0,0,0,0,0,1,0
fb,0,0,0,0,1,0,0,0,0,0,0,0,1,0
estadao,0,0,0,0,1,0,0,0,0,0,0,0,1,0
amazon,0,0,0,0,1,0,0,0,0,1,1,0,1,0
shutterstock,0,0,0,0,1,0,0,0,0,0,0,0,1,0
independent,0,0,0,0,1,0,0,1,0,0,0,0,1,0
yahoo,0,0,0,0,1,0,0,0,0,0,0,0,0,0
wp,0,0,0,0,1,0,0,0,0,0,0,0,1,0
ytimg,0,0,0,0,1,0,0,0,0,0,0,1,1,0
google,0,0,0,0,1,0,0,0,0,0,0,0,2,0
hugedomains,0,0,0,0,1,0,0,0,0,0,0,0,1,0
telegram,0,0,0,0,1,0,0,0,0,1,1,0,1,0
archive,0,0,0,0,1,0,0,0,0,0,0,0,0,0
marketingplatform,0,0,0,0,1,0,0,0,0,1,1,1,1,0
t,0,0,0,0,1,0,0,1,0,1,1,0,0,0
bit,0,0,0,0,1,0,0,1,0,0,0,0,1,0
mirror,0,0,0,0,1,0,0,0,0,0,0,0,1,0
huffingtonpost,0,0,0,0,1,0,0,1,0,0,0,0,1,0
nature,0,0,0,0,1,0,0,0,0,0,0,0,5,0
pixabay,0,0,0,0,1,0,0,0,0,1,1,0,0,0
plesk,0,0,0,0,1,0,0,0,0,0,0,0,1,0
wikipedia,0,0,0,0,1,0,0,0,0,0,0,0,1,0
namecheap,0,0,0,0,1,0,0,0,0,0,0,0,1,0
huffpost,0,0,0,0,1,0,0,1,0,0,0,0,1,0
cdc,0,0,0,0,1,0,0,0,0,1,1,0,1,0
bloomberg,0,0,0,0,1,0,0,0,0,0,0,0,2,0
forms,0,0,0,0,1,0,0,0,0,1,1,0,0,0
domainmarket,0,0,0,0,1,0,0,1,0,0,0,0,1,0
wikipedia,0,0,0,0,1,0,0,0,0,0,0,0,1,0
dan,0,0,0,0,1,0,0,0,0,0,0,1,1,0
www,0,0,0,0,1,0,0,0,0,1,0,0,0,0
cpanel,0,0,0,0,1,0,0,0,0,0,0,0,0,0
nasa,0,0,0,0,1,0,0,0,0,1,1,0,1,0
bbc,0,0,0,0,1,0,0,0,0,0,0,0,1,0
google,0,0,0,0,1,0,0,0,0,0,0,0,1,0
googleapis,0,0,0,0,1,0,0,0,1,1,1,0,0,0
washingtonpost,0,0,0,0,1,0,0,1,0,0,0,0,1,0
scribd,0,0,0,0,1,0,0,0,0,0,0,0,1,0
aboutads,0,0,0,0,1,0,0,0,0,1,1,0,1,0
usatoday,0,0,0,0,1,0,0,0,0,0,0,0,2,0
networkadvertising,0,0,0,0,1,0,0,0,0,0,0,0,0,0
office,0,0,0,0,1,0,0,0,0,0,0,0,1,0
cbsnews,0,0,0,0,1,0,0,0,0,0,0,0,1,0
time,0,0,0,0,1,0,0,0,0,0,0,0,0,0
cnet,0,0,0,0,1,0,0,1,0,0,0,0,1,0
goo,0,0,0,0,1,0,0,1,0,1,1,0,1,0
amazon,0,0,0,0,1,0,0,0,0,1,1,0,1,0
mediafire,0,0,0,0,1,0,0,0,0,0,0,0,1,0
bing,0,0,0,0,1,0,0,0,0,0,0,0,1,0
pinterest,0,0,0,0,1,0,0,1,0,0,1,0,1,0
yadi,0,0,0,0,1,0,0,0,0,1,1,0,1,0
telegraph,0,0,0,0,1,0,0,0,0,0,0,0,1,0
ig,0,0,0,0,1,0,0,0,0,0,0,0,2,0
issuu,0,0,0,0,1,0,0,0,0,0,0,0,0,0
google,0,0,0,0,1,0,0,0,0,0,0,0,4,0
businessinsider,0,0,0,0,1,0,0,0,0,0,0,0,1,0
tiktok,0,0,0,0,1,0,0,0,0,0,0,1,1,0
4shared,0,0,0,0,1,0,0,0,0,0,0,1,1,0
elpais,0,0,0,0,1,0,0,0,0,0,0,0,0,0
google,0,0,0,0,1,0,0,0,0,0,0,0,1,0
amazon,0,0,0,0,1,0,0,0,0,0,0,0,1,0
wikia,0,0,0,0,1,0,0,0,0,0,0,0,1,0
wsj,0,0,0,0,1,0,0,0,0,0,0,0,0,0
hatena,0,0,0,0,1,0,0,0,0,1,1,0,2,0
aliexpress,0,0,0,0,1,0,0,0,0,0,0,0,2,0
foxnews,0,0,0,0,1,0,0,0,0,0,0,0,1,0
mail,0,0,0,0,1,0,0,0,0,0,0,0,0,0
tinyurl,0,0,0,0,1,0,0,1,0,0,0,0,1,0
thesun,0,0,0,0,1,0,0,0,0,0,0,0,1,0
imageshack,0,0,0,0,1,0,0,0,0,0,0,0,1,0
google,0,0,0,0,1,0,0,0,0,0,0,0,1,0
webmd,0,0,0,0,1,0,0,0,0,0,0,0,1,0
change,0,0,0,0,1,0,0,0,0,0,0,0,1,0
terra,0,0,0,0,1,0,0,0,0,0,0,0,1,0
researchgate,0,0,0,0,1,0,0,0,0,0,0,0,1,0
wikipedia,0,0,0,0,1,0,0,0,0,0,0,0,1,0
ebay,0,0,0,0,1,0,0,0,0,0,0,0,1,0
amazon,0,0,0,0,1,0,0,0,0,0,0,0,1,0
google,0,0,0,0,1,0,0,0,0,0,0,0,2,0
google,0,0,0,0,1,0,0,0,0,0,0,0,1,0
liveinternet,0,0,0,0,1,0,0,0,0,0,0,0,1,0
pinterest,0,0,0,0,1,0,0,0,0,1,1,0,1,0
lexpress,0,0,0,0,1,0,0,0,0,0,0,0,1,0
vice,0,0,0,0,1,0,0,0,0,0,0,0,2,0
redbull,0,0,0,0,1,0,0,0,0,0,0,1,1,0
sapo,0,0,0,0,1,0,0,0,0,0,0,0,1,0
addthis,0,0,0,0,1,0,0,0,0,0,0,0,1,0
guardian,0,0,0,0,1,0,0,0,0,0,0,0,2,0
netlify,0,0,0,0,1,0,0,0,0,1,1,0,0,0
ria,0,0,0,0,1,0,0,0,0,0,0,0,0,0
lemonde,0,0,0,0,1,0,0,0,0,0,0,0,1,0
20minutos,0,0,0,0,1,0,0,0,0,1,1,0,1,0
sedo,0,0,0,0,1,0,0,0,0,0,0,0,1,0
ziddu,0,0,0,0,1,0,0,0,0,1,1,0,1,0
academia,0,0,0,0,1,0,0,0,0,1,1,0,1,0
doi,0,0,0,0,1,0,0,0,0,0,0,0,1,0
mashable,0,0,0,0,1,0,0,0,0,0,0,0,0,0
francetvinfo,0,0,0,0,1,0,0,0,0,0,0,0,1,0
alicdn,0,0,0,0,1,0,0,0,0,0,0,1,1,0
gnu,0,0,0,0,1,0,0,0,0,0,0,0,1,0
google,0,0,0,0,1,0,0,0,0,0,0,0,1,0
blogger,0,0,0,0,1,0,0,0,0,0,0,0,0,0
theatlantic,0,0,0,0,1,0,0,0,0,0,0,0,2,0
lavanguardia,0,0,0,0,1,0,0,0,0,0,0,0,1,0
icann,0,0,0,0,1,0,0,0,0,0,0,0,1,0
wix,0,0,0,0,1,0,0,1,0,0,0,0,0,0
espn,0,0,0,0,1,0,0,0,0,0,0,0,1,0
statista,0,0,0,0,1,0,0,0,0,0,0,0,1,0
over-blog,0,0,0,0,2,0,0,0,0,0,0,0,0,0
doubleclick,0,0,0,0,1,0,0,0,0,0,0,0,1,0
amzn,0,0,0,0,1,0,0,0,0,1,1,0,2,0
mozilla,0,0,0,0,1,0,0,0,0,0,0,0,3,0
clarin,0,0,0,0,1,0,0,0,0,0,0,0,1,0
nypost,0,0,0,0,1,0,0,1,0,0,0,0,0,0
yelp,0,0,0,0,1,0,0,0,0,0,0,0,1,0
amazon,0,0,0,0,1,0,0,0,0,0,0,0,1,0
weibo,0,0,0,0,1,0,0,0,0,0,0,0,2,0
yahoo,0,0,0,0,1,0,0,0,0,0,0,0,0,0
xbox,0,0,0,0,1,0,0,1,0,0,0,0,3,0
naver,0,0,0,0,1,0,0,0,0,0,0,0,2,0
ibm,0,0,0,0,1,0,0,0,0,0,0,0,6,0
discord,0,0,0,0,1,0,0,0,0,1,1,0,1,0
gizmodo,0,0,0,0,1,0,0,0,0,0,0,0,0,0
quora,0,0,0,0,1,0,0,0,0,0,0,0,2,0
goodreads,0,0,0,0,1,0,0,0,0,0,0,0,1,0
unsplash,0,0,0,0,1,0,0,0,0,1,1,0,0,0
google,0,0,0,0,1,0,0,0,0,0,0,0,1,0
spiegel,0,0,0,0,1,0,0,0,0,1,1,0,1,0
fc2,0,0,0,0,1,0,0,0,0,0,0,0,0,0
newsweek,0,0,0,0,1,0,0,0,0,0,0,0,1,0
ovh,0,0,0,0,1,0,0,0,0,0,0,0,1,0
yandex,0,0,0,0,1,0,0,1,0,0,0,0,0,0
economist,0,0,0,0,1,0,0,1,0,0,0,0,1,0
spotify,0,0,0,0,1,0,0,0,0,0,0,0,3,0
google,0,0,0,0,1,0,0,0,0,0,0,0,0,0
addtoany,0,0,0,0,1,0,0,0,0,0,0,0,1,0
pexels,0,0,0,0,1,0,0,0,0,1,1,0,1,0
dw,0,0,0,0,1,0,0,0,0,0,0,0,1,0
cbc,0,0,0,0,1,0,0,0,0,0,0,0,1,0
sciencedaily,0,0,0,0,1,0,0,0,0,0,0,0,0,0
huawei,0,0,0,0,1,0,0,0,0,0,0,1,1,0
yandex,0,0,0,0,1,0,0,0,0,0,0,0,2,0
twitch,0,0,0,0,1,0,0,0,0,1,1,0,1,0
latimes,0,0,0,0,1,0,0,0,0,0,0,0,1,0
steampowered,0,0,0,0,1,0,0,0,0,0,0,0,1,0
xinhuanet,0,0,0,0,1,0,0,1,0,0,0,1,1,0
windows,0,0,0,0,1,0,0,0,0,0,0,1,1,0
instructables,0,0,0,0,1,0,0,0,0,0,0,0,1,0
ggpht,0,0,0,0,1,0,0,1,0,0,0,1,1,0
wired,0,0,0,0,1,0,0,0,0,0,0,0,1,0
ouest-france,0,0,0,0,2,0,0,0,0,0,0,1,1,0
privacyshield,0,0,0,0,1,0,0,0,0,1,1,1,1,0
mit,0,0,0,0,1,0,0,0,0,1,1,0,1,0
sciencedirect,0,0,0,0,1,0,0,1,0,0,0,0,0,0
rambler,0,0,0,0,1,0,0,0,0,0,0,0,1,0
stanford,0,0,0,0,1,0,0,0,0,1,1,0,1,0
nginx,0,0,0,0,1,0,0,0,0,0,0,0,0,0
google,0,0,0,0,1,0,0,0,0,0,0,0,4,0
wikihow,0,0,0,0,1,0,0,0,0,0,0,0,2,0
leparisien,0,0,0,0,1,0,0,0,0,1,0,0,1,0
google,0,0,0,0,1,0,0,0,0,0,0,0,0,0
wikipedia,0,0,0,0,1,0,0,0,0,0,0,0,1,0
engadget,0,0,0,0,1,0,0,1,0,0,0,0,1,0
canada,0,0,0,0,1,0,0,0,0,0,0,0,1,0
nationalgeographic,0,0,0,0,1,0,0,0,0,0,0,0,1,0
nginx,0,0,0,0,1,0,0,1,0,0,0,0,1,0
eventbrite,0,0,0,0,1,0,0,0,0,0,0,0,1,0
express,0,0,0,0,1,0,0,0,0,0,0,0,1,0
aol,0,0,0,0,1,0,0,0,0,0,0,0,1,0
ovh,0,0,0,0,1,0,0,0,0,0,0,0,2,0
disney,0,0,0,0,1,0,0,0,0,0,0,0,1,0
offset,0,0,0,0,1,0,0,1,0,0,0,0,1,0
playstation,0,0,0,0,1,0,0,0,0,0,0,0,2,0
bloglovin,0,0,0,0,1,0,0,0,0,0,0,0,1,0
urbandictionary,0,0,0,0,1,0,0,0,0,0,0,0,1,0
ted,0,0,0,0,1,0,0,0,0,0,0,0,1,0
smh,0,0,0,0,1,0,0,0,0,1,1,0,1,0
discord,0,0,0,0,1,0,0,0,0,0,0,0,0,0
plos,0,0,0,0,1,0,0,0,0,0,0,0,0,0
vkontakte,0,0,0,0,1,0,0,0,0,0,0,0,3,0
apache,0,0,0,0,1,0,0,0,0,0,0,0,0,0
dynadot,0,0,0,0,1,0,0,1,0,0,0,0,1,0
google,0,0,0,0,1,0,0,0,0,1,0,0,1,0
cointernet,0,0,0,0,1,0,0,1,0,1,0,0,1,0
nydailynews,0,0,0,0,1,0,0,0,0,0,0,1,1,0
insider,0,0,0,0,1,0,0,0,0,0,0,0,1,0
skype,0,0,0,0,1,0,0,0,0,0,0,0,1,0
go,0,0,0,0,1,0,0,0,0,0,0,0,0,0
kickstarter,0,0,0,0,1,0,0,0,0,0,0,0,0,0
surveymonkey,0,0,0,0,1,0,0,0,0,0,0,0,1,0
linktr,0,0,0,0,1,0,0,0,0,1,1,0,0,0
wikipedia,0,0,0,0,1,0,0,0,0,0,0,0,1,0
npr,0,0,0,0,1,0,0,0,0,0,0,0,1,0
berkeley,0,0,0,0,1,0,0,0,0,1,1,0,1,0
sputniknews,0,0,0,0,1,0,0,0,0,0,1,1,1,0
google,0,0,0,0,1,0,0,0,0,0,0,0,6,0
ovhcloud,0,0,0,0,1,0,0,0,0,1,1,0,2,0
wikipedia,0,0,0,0,1,0,0,0,0,0,0,0,1,0
webnode,0,0,0,0,1,0,0,0,0,1,1,0,2,0
psychologytoday,0,0,0,0,1,0,0,0,0,0,0,0,0,0
outlook,0,0,0,0,1,0,0,0,0,0,0,0,2,0
livejournal,0,0,0,0,1,0,0,0,0,0,0,0,0,0
elmundo,0,0,0,0,1,0,0,0,0,1,1,0,1,0
yahoo,0,0,0,0,1,0,0,0,0,1,1,0,1,0
photobucket,0,0,0,0,1,0,0,1,0,0,0,0,0,0
britannica,0,0,0,0,1,0,0,0,0,0,0,0,1,0
buzzfeed,0,0,0,0,1,0,0,0,0,0,0,0,1,0
techcrunch,0,0,0,0,1,0,0,0,0,0,0,0,0,0
pbs,0,0,0,0,1,0,0,0,0,0,0,0,1,0
zoom,0,0,0,0,1,0,0,0,0,0,0,0,0,0
sciencemag,0,0,0,0,1,0,0,0,0,0,0,0,4,0
zippyshare,0,0,0,0,1,0,0,0,0,0,0,0,0,0
akamaihd,0,0,0,0,1,0,0,0,0,0,0,1,1,0
freepik,0,0,0,0,1,0,0,0,0,1,1,0,0,0
blogger,0,0,0,0,1,0,0,0,0,0,0,0,0,0
secureserver,0,0,0,0,1,0,0,0,0,0,0,0,1,0
hp,0,0,0,0,1,0,0,0,0,0,0,0,4,0
ietf,0,0,0,0,1,0,0,0,0,0,0,0,1,0
tripadvisor,0,0,0,0,1,0,0,0,0,0,0,1,1,0
whitehouse,0,0,0,0,1,0,0,0,0,1,1,0,1,0
oracle,0,0,0,0,1,0,0,0,0,0,0,1,1,0
sakura,0,0,0,0,1,0,0,0,0,1,1,0,2,0
oup,0,0,0,0,1,0,0,0,0,0,0,0,3,0
target,0,0,0,0,1,0,0,1,0,0,0,0,1,0
unesco,0,0,0,0,1,0,0,0,0,0,0,1,1,0
android,0,0,0,0,1,0,0,0,0,0,0,0,1,0
akamaized,0,0,0,0,1,0,0,0,0,1,1,1,1,0
wiley,0,0,0,0,1,0,0,0,0,0,0,0,1,0
standard,0,0,0,0,1,0,0,0,0,0,0,0,1,0
nbcnews,0,0,0,0,1,0,0,0,0,0,0,0,1,0
yahoo,0,0,0,0,1,0,0,0,0,0,0,0,0,0
canalblog,0,0,0,0,1,0,0,0,0,0,0,0,0,0
wiktionary,0,0,0,0,1,0,0,0,0,0,0,0,1,0
deezer,0,0,0,0,1,0,0,0,0,0,0,0,2,0
gooyaabitemplates,0,0,0,0,1,0,0,0,0,1,1,0,0,0
e-monsite,0,0,0,0,2,0,0,0,0,0,0,0,1,0
detik,0,0,0,0,1,0,0,0,0,0,0,0,1,0
abc,0,0,0,0,1,0,0,0,0,1,1,0,0,0
alexa,0,0,0,0,1,0,0,0,0,0,0,0,0,0
ft,0,0,0,0,1,0,0,1,0,0,0,0,1,0
wikipedia,0,0,0,0,1,0,0,0,0,0,0,0,1,0
bandcamp,0,0,0,0,1,0,0,0,0,0,0,0,0,0
ssl-images-amazon,0,0,0,0,3,0,0,0,0,0,0,1,1,0
cpanel,0,0,0,0,1,0,0,0,0,0,0,0,1,0
ca,0,0,0,0,1,0,0,0,0,1,1,0,1,0
arxiv,0,0,0,0,1,0,0,0,0,0,0,0,0,0
walmart,0,0,0,0,1,0,0,1,0,0,0,0,1,0
rtve,0,0,0,0,1,0,0,0,0,1,1,0,1,0
abc,0,0,0,0,1,0,0,0,0,1,1,0,1,0
gofundme,0,0,0,0,1,0,0,0,0,1,1,0,1,0
alibaba,0,0,0,0,1,0,0,0,0,0,0,0,1,0
cornell,0,0,0,0,1,0,0,0,0,1,1,0,1,0
fb,0,0,0,0,1,0,0,0,0,0,0,0,1,0
zendesk,0,0,0,0,1,0,0,0,0,0,0,0,1,0
hubspot,0,0,0,0,1,0,0,1,0,0,0,0,1,0
dreamstime,0,0,0,0,1,0,0,0,0,0,0,0,1,0
cnil,0,0,0,0,1,0,0,0,0,0,0,0,1,0
rt,0,0,0,0,1,0,0,1,0,0,0,1,1,0
google,0,0,0,0,1,0,0,0,0,0,0,0,0,0
mega,0,0,0,0,1,0,0,0,0,1,1,0,0,0
newyorker,0,0,0,0,1,0,0,0,0,0,0,0,1,0
www,0,0,0,0,1,0,0,0,0,1,1,0,1,0
sfgate,0,0,0,0,1,0,0,0,0,0,0,0,1,0
qq,0,0,0,0,1,0,0,0,0,0,0,0,1,0
usnews,0,0,0,0,1,0,0,0,0,0,0,1,1,0
clickbank,0,0,0,0,1,0,0,0,0,0,0,1,1,0
ikea,0,0,0,0,1,0,0,0,0,0,0,0,1,0
cnbc,0,0,0,0,1,0,0,0,0,0,0,0,2,0
timeweb,0,0,0,0,1,0,0,0,0,0,0,0,1,0
godaddy,0,0,0,0,1,0,0,0,0,0,0,1,1,0
hollywoodreporter,0,0,0,0,1,0,0,0,0,0,0,0,1,0
biglobe,0,0,0,0,1,0,0,0,0,1,1,0,0,0
harvard,0,0,0,0,1,0,0,0,0,1,1,0,1,0
gmail,0,0,0,0,1,0,0,0,0,0,0,0,5,0
ftc,0,0,0,0,1,0,0,0,0,1,1,0,1,0
sendspace,0,0,0,0,1,0,0,0,0,0,0,0,1,0
thetimes,0,0,0,0,1,0,0,0,0,0,0,0,1,0
googleblog,0,0,0,0,1,0,0,0,0,0,0,0,1,0
metro,0,0,0,0,1,0,0,0,0,0,0,0,0,0
thenai,0,0,0,0,1,0,0,0,0,1,1,0,0,0
lefigaro,0,0,0,0,1,0,0,0,0,0,0,0,1,0
radiofrance,0,0,0,0,1,0,0,0,0,0,0,0,1,0
ea,0,0,0,0,1,0,0,0,0,0,0,0,1,0
amazonaws,0,0,0,0,1,0,0,0,0,0,0,1,1,0
google,0,0,0,0,1,0,0,0,0,0,0,0,0,0
themeforest,0,0,0,0,1,0,0,0,0,0,0,0,0,0
prezi,0,0,0,0,1,0,0,0,0,0,0,0,0,0
nikkei,0,0,0,0,1,0,0,0,0,0,0,0,1,0
wikipedia,0,0,0,0,1,0,0,0,0,0,0,0,0,0
imageshack,0,0,0,0,1,0,0,0,0,0,0,0,0,0
cambridge,0,0,0,0,1,0,0,0,0,0,0,0,1,0
nicovideo,0,0,0,0,1,0,0,0,0,1,1,0,1,0
disqus,0,0,0,0,1,0,0,0,0,0,0,0,0,0
evernote,0,0,0,0,1,0,0,0,0,0,0,0,0,0
php,0,0,0,0,1,0,0,0,0,0,0,0,1,0
theverge,0,0,0,0,1,0,0,0,0,0,0,0,1,0
about,0,0,0,0,1,0,0,1,0,0,0,0,2,0
rapidshare,0,0,0,0,1,0,0,0,0,0,0,1,1,0
xing,0,0,0,0,1,0,0,0,0,0,0,0,1,0
springer,0,0,0,0,1,0,0,0,0,0,0,0,2,0
netflix,0,0,0,0,1,0,0,1,0,0,0,0,2,0
reg,0,0,0,0,1,0,0,0,0,0,0,0,1,0
gfycat,0,0,0,0,1,0,0,1,0,1,1,0,0,0
twimg,0,0,0,0,1,0,0,0,0,0,0,1,1,0
nokia,0,0,0,0,1,0,0,0,0,0,0,1,1,0
bfmtv,0,0,0,0,1,0,0,0,0,0,0,0,1,0
inc,0,0,0,0,1,0,0,0,0,0,0,0,0,0
cam,0,0,0,0,1,0,0,0,0,1,0,0,1,0
history,0,0,0,0,1,0,0,0,0,0,0,0,1,0
tagesspiegel,0,0,0,0,1,0,0,0,0,1,1,0,1,0
ndtv,0,0,0,0,1,0,0,0,0,0,0,0,1,0
digitaltrends,0,0,0,0,1,0,0,0,0,0,0,0,1,0
lg,0,0,0,0,1,0,0,0,0,0,0,0,2,0
lenta,0,0,0,0,1,0,0,0,0,0,0,0,0,0
udemy,0,0,0,0,1,0,0,0,0,1,0,0,1,0
allrecipes,0,0,0,0,1,0,0,0,0,0,0,0,1,0
allaboutcookies,0,0,0,0,1,0,0,0,0,0,0,0,0,0
newscientist,0,0,0,0,1,0,0,1,0,0,0,0,1,0
channel4,0,0,0,0,1,0,0,0,0,0,0,0,1,0
dictionary,0,0,0,0,1,0,0,0,0,0,0,0,1,0
pinterest,0,0,0,0,1,0,0,0,0,1,1,0,1,0
focus,0,0,0,0,1,0,0,0,0,1,1,0,1,0
tes,0,0,0,0,1,0,0,0,0,0,0,0,1,0
google,0,0,0,0,1,0,0,0,0,0,0,0,0,0
soratemplates,0,0,0,0,1,0,0,0,0,1,1,0,1,0
loc,0,0,0,0,1,0,0,0,0,1,1,0,0,0
bild,0,0,0,0,1,0,0,0,0,1,1,0,1,0
foursquare,0,0,0,0,1,0,0,0,0,0,0,0,0,0
pcmag,0,0,0,0,1,0,0,0,0,0,0,0,1,0
ebay,0,0,0,0,1,0,0,0,0,0,0,0,1,0
news,0,0,0,0,1,0,0,0,0,1,1,0,1,0
oreilly,0,0,0,0,1,0,0,0,0,0,0,0,1,0
variety,0,0,0,0,1,0,0,0,0,0,0,0,0,0
scene7,0,0,0,0,1,0,0,0,0,0,0,1,1,0
ap,0,0,0,0,1,0,0,0,0,0,0,0,2,0
fortune,0,0,0,0,1,0,0,0,0,0,0,0,0,0
woocommerce,0,0,0,0,1,0,0,0,0,0,1,0,0,0
usgs,0,0,0,0,1,0,0,0,0,1,1,0,1,0
chicagotribune,0,0,0,0,1,0,0,0,0,0,0,0,1,0
etsy,0,0,0,0,1,0,0,0,0,0,0,0,1,0
giphy,0,0,0,0,1,0,0,0,0,1,1,0,0,0
marriott,0,0,0,0,1,0,0,1,0,0,0,0,1,0
dropcatch,0,0,0,0,1,0,0,0,0,0,0,0,1,0
amazon,0,0,0,0,1,0,0,0,0,0,0,0,1,0
pewresearch,0,0,0,0,1,0,0,0,0,0,0,0,1,0
ovh,0,0,0,0,1,0,0,0,0,0,0,0,2,0
repubblica,0,0,0,0,1,0,0,0,0,0,0,0,1,0
fbcdn,0,0,0,0,1,0,0,0,0,0,0,0,1,0
rollingstone,0,0,0,0,1,0,0,0,0,0,0,0,1,0
canva,0,0,0,0,1,0,0,0,0,0,0,0,1,0
zdf,0,0,0,0,1,0,0,0,0,1,1,0,1,0
umich,0,0,0,0,1,0,0,0,0,1,1,0,0,0
biblegateway,0,0,0,0,1,0,0,0,0,0,0,0,1,0
slate,0,0,0,0,1,0,0,0,0,0,0,0,0,0
fifa,0,0,0,0,1,0,0,0,0,0,0,0,1,0
fedoraproject,0,0,0,0,1,0,0,0,0,0,0,0,1,0
unicef,0,0,0,0,1,0,0,0,0,0,0,0,1,0
google,0,0,0,0,1,0,0,0,0,0,0,0,0,0
scoop,0,0,0,0,1,0,0,0,0,0,0,0,1,0
debian,0,0,0,0,1,0,0,0,0,0,0,0,1,0
patreon,0,0,0,0,1,0,0,0,0,1,1,0,1,0
seesaa,0,0,0,0,1,0,0,0,0,0,0,0,0,0
yahoo,0,0,0,0,1,0,0,0,0,0,0,0,1,0
teamviewer,0,0,0,0,1,0,0,0,0,0,0,0,2,0
wisc,0,0,0,0,1,0,0,0,0,1,1,0,1,0
thedailybeast,0,0,0,0,1,0,0,1,0,0,0,0,1,0
thehill,0,0,0,0,1,0,0,0,0,0,0,0,0,0
snapchat,0,0,0,0,1,0,0,1,0,1,1,0,1,0
umn,0,0,0,0,1,0,0,0,0,1,1,0,2,0
mynavi,0,0,0,0,1,0,0,0,0,1,1,0,1,0
viglink,0,0,0,0,1,0,0,0,0,0,0,0,3,0
lifehacker,0,0,0,0,1,0,0,0,0,0,0,0,0,0
venturebeat,0,0,0,0,1,0,0,1,0,0,0,0,0,0
gitlab,0,0,0,0,1,0,0,0,0,0,0,0,1,0
pnas,0,0,0,0,1,0,0,0,0,0,0,0,5,0
hindustantimes,0,0,0,0,1,0,0,0,0,0,0,0,0,0
fbsbx,0,0,0,0,1,0,0,1,0,0,1,0,0,0
last,0,0,0,0,1,0,0,0,0,0,0,0,1,0
safety,0,0,0,0,1,0,0,0,0,1,1,0,0,0
psu,0,0,0,0,1,0,0,0,0,1,1,0,1,0
archives,0,0,0,0,1,0,0,0,0,1,1,0,1,0
canalblog,0,0,0,0,1,0,0,0,0,0,0,0,0,0
scientificamerican,0,0,0,0,1,0,0,0,0,0,0,0,1,0
calameo,0,0,0,0,1,0,0,0,0,0,0,0,0,0
home,0,0,0,0,1,0,0,0,0,1,1,0,1,0
adweek,0,0,0,0,1,0,0,0,0,0,0,0,1,0
liberation,0,0,0,0,1,0,0,0,0,0,0,0,1,0
usda,0,0,0,0,1,0,0,0,0,1,1,0,1,0
faz,0,0,0,0,1,0,0,0,0,0,0,0,1,0
megaupload,0,0,0,0,1,0,0,0,0,0,0,1,1,0
ibb,0,0,0,0,1,0,0,0,0,0,1,0,1,0
steamcommunity,0,0,0,0,1,0,0,0,0,0,0,0,0,0
about,0,0,0,0,1,0,0,0,0,0,0,0,0,0
uber,0,0,0,0,1,0,0,0,0,0,0,0,1,0
merriam-webster,0,0,0,0,2,0,0,0,0,0,0,0,1,0
wordpress,0,0,0,0,2,0,0,0,0,0,0,0,1,0
techradar,0,0,0,0,1,0,0,0,0,0,0,0,2,0
greenpeace,0,0,0,0,1,0,0,0,0,0,0,0,2,0
corriere,0,0,0,0,1,0,0,0,0,0,0,0,1,0
solutionfun,0,0,1,3,6,0,0,0,0,1,1,0,1,1
36560022,0,0,0,0,1,0,0,0,0,1,1,1,1,1
panicasa,0,0,0,0,1,0,0,0,0,1,1,0,0,1
ihostfull,0,0,0,0,1,0,0,0,0,1,1,0,0,1
nodesdatas,0,0,0,0,1,0,0,0,0,1,1,1,1,1
dedyn,0,0,1,1,1,0,0,0,0,1,1,0,0,1
dedyn,0,0,1,1,1,0,0,0,0,1,1,0,0,1
04215455,0,0,0,2,1,0,0,0,0,1,1,0,0,1
953232222,0,0,0,2,1,0,0,0,0,1,1,0,0,1
systemathailand,0,0,0,0,1,0,0,0,0,1,1,0,1,1
4season,0,0,0,0,1,0,0,0,0,1,1,0,0,1
sharestion,0,0,1,5,15,0,0,0,0,1,1,0,1,1
plesk,0,0,1,4,5,0,0,0,0,1,1,1,1,1
753232222,0,0,0,2,1,0,0,0,0,1,1,0,0,1
3656r,0,0,0,0,1,0,0,0,0,1,1,1,1,1
653232222,0,0,0,2,1,0,0,0,0,1,1,0,0,1
repl,0,0,1,0,1,0,0,0,0,1,1,0,1,1
discord,0,0,0,0,1,0,0,0,0,1,1,0,0,1
453232222,0,0,0,2,1,0,0,0,0,1,1,0,0,1
365k99,0,0,0,0,1,0,0,0,0,1,1,1,1,1
353232222,0,0,0,2,1,0,0,0,0,1,1,0,0,1
io-dooc,0,0,0,0,2,0,0,0,0,1,1,0,0,1
blogspot,0,0,0,0,1,0,0,1,1,1,1,0,3,1
ballooncreations,0,0,0,2,1,0,0,0,0,1,1,0,0,1
ballooncreations,0,0,1,2,10,0,0,0,0,1,1,0,0,1
ballooncreations,0,0,1,2,10,0,0,0,0,1,1,0,0,1
ballooncreations,0,0,1,2,1,0,0,0,0,1,1,0,0,1
ballooncreations,0,0,1,2,10,0,0,0,0,1,1,0,0,1
ballooncreations,0,0,1,2,10,0,0,0,0,1,1,0,0,1
khanenterprises,0,0,1,4,2,0,0,0,0,1,1,0,0,1
web,0,0,1,0,3,0,0,0,0,1,1,0,1,1
153232222,0,0,0,2,1,0,0,0,0,1,1,0,0,1
053232222,0,0,0,2,1,0,0,0,0,1,1,0,0,1
org,0,0,1,0,1,0,1,0,1,1,1,1,0,1
metamsaek,0,0,0,0,1,0,0,0,0,1,1,0,1,1
ratingandreviews,0,0,1,0,1,0,0,0,0,1,1,0,0,1
metameask,0,0,0,0,1,0,0,0,0,1,1,0,0,1
dhlexpress,0,0,0,0,1,0,0,0,0,1,1,0,2,1
wlpjqc6dxv2,0,0,0,0,2,0,0,0,0,1,1,1,1,1
firebaseapp,0,0,0,0,1,0,0,0,1,1,1,0,1,1
orxmzrk,0,0,0,0,1,0,0,0,0,1,1,1,1,1
ausnep,0,0,0,0,1,0,0,0,0,0,0,0,0,1
auth-servc,0,0,1,3,15,0,0,0,0,1,1,0,1,1
lavozdeloscentauros,0,0,0,0,1,0,0,0,0,0,0,0,1,1
dedyn,0,0,1,1,1,0,0,0,0,1,1,0,0,1
000webhostapp,0,0,1,2,3,0,0,0,0,1,1,0,0,1
000webhostapp,0,0,1,2,2,0,0,0,0,1,1,0,0,1
org,0,0,0,0,2,0,0,0,1,1,1,0,0,1
dvrlists,0,0,1,4,11,0,0,0,0,1,1,1,1,1
skkkens,0,0,0,1,1,0,0,0,0,1,1,1,1,1
backblazeb2,0,0,1,1,3,0,0,0,0,1,1,0,0,1
embracethebreeze,1,0,1,3,1,0,0,0,0,1,1,0,0,1
custom-flip-flops,0,0,1,3,4,0,0,0,0,1,1,0,0,1
pl-wp,0,0,0,0,2,0,0,0,0,1,1,0,0,1
woljot-poiygen,0,0,0,0,2,0,0,0,0,1,1,0,1,1
cloudwaysapps,0,0,1,3,3,0,0,0,0,0,1,0,0,1
amznn,0,0,0,0,1,0,0,0,0,1,1,0,0,1
steamcommunltyl,0,0,1,5,6,0,0,0,0,1,1,0,0,1
wdsite,0,0,1,1,2,0,0,0,0,1,1,0,1,1
wdsite,0,0,1,2,2,0,0,0,0,1,1,0,2,1
wpengine,0,0,1,3,2,0,0,0,0,1,1,0,0,1
viakeralatravels,0,0,1,0,3,0,0,0,0,1,1,0,0,1
melawikab,0,0,1,2,2,0,0,0,0,1,0,0,0,1
vticket,0,0,1,3,1,0,0,0,0,1,1,1,1,1
vticket,0,0,0,0,1,0,0,0,0,1,1,1,1,1
store-steampowereed,0,0,0,1,3,0,0,0,0,1,1,0,0,1
perpetualcuriosity,0,0,1,2,1,0,0,0,0,1,1,0,0,1
212.104.43.201,1,0,1,15,61,0,0,0,0,1,1,1,1,1
212.104.43.201,1,0,1,15,61,0,0,0,0,1,1,1,1,1
212.104.43.201,1,0,1,15,61,0,0,0,0,1,1,1,1,1
212.104.43.201,1,0,1,15,61,0,0,0,0,1,1,1,1,1
453232222,0,0,1,2,2,0,0,0,0,1,1,0,0,1
windows,0,0,0,0,1,0,0,0,0,0,0,0,0,1
virkunarze,0,0,0,1,1,0,0,0,0,1,1,0,1,1
azurewebsites,0,0,0,0,2,0,0,0,1,1,1,0,1,1
appspot,0,0,0,0,3,0,0,1,1,1,1,0,1,1
plesk,0,0,1,4,7,0,0,0,0,1,1,0,0,1
myftp,0,0,0,0,1,0,0,0,1,1,1,1,1,1
yolasite,0,0,0,0,1,0,0,0,1,1,1,0,1,1
baudernet,0,0,1,1,2,0,0,1,0,0,1,1,1,1
meta-form-9464048,0,0,1,1,4,0,0,0,0,1,1,1,1,1
meta-form-9464048,0,0,0,0,3,0,0,0,0,1,1,1,1,1
tezorepoace,0,0,0,1,1,0,0,0,0,1,1,0,0,1
netlify,0,0,0,0,3,0,0,0,0,1,1,0,1,1
hostfree,0,0,0,0,2,0,0,0,0,1,1,0,0,1
workers,0,0,1,0,1,0,0,0,0,1,1,0,0,1
cf-ipfs,0,0,1,0,2,0,0,0,0,1,1,0,0,1
tullyscanweb,0,0,0,1,1,0,0,0,0,1,1,0,0,1
jefanyasub-do,0,0,0,1,3,0,0,0,0,1,1,1,1,1
pages,0,0,0,0,1,0,0,0,0,1,1,0,1,1
commbankonlinehelp,0,0,0,0,1,0,0,0,0,1,1,1,1,1
commbankonlinehelp,0,0,0,1,1,0,0,0,0,1,1,1,0,1
glambeaute,0,0,0,2,3,0,0,0,0,1,1,0,1,1
square,0,0,1,0,4,0,0,0,0,1,1,0,1,1
commbankapp,0,0,0,2,1,0,0,0,1,1,1,1,1,1
farsanteaban,0,0,1,8,7,0,0,0,0,1,1,1,1,1
steancommunitty,0,0,1,2,1,0,0,0,0,1,1,0,0,1
blogspot,0,0,0,0,4,0,0,1,1,1,1,0,0,1
godaddysites,0,0,0,0,2,0,0,0,0,1,1,0,1,1
vaultoverride,0,0,1,2,1,0,0,0,0,1,1,0,0,1
sells-it,0,0,1,2,4,0,0,0,1,1,1,0,1,1
blogspot,0,0,0,0,4,0,0,1,1,1,1,0,1,1
steamcomnmnnunity,0,0,1,2,1,0,0,0,0,1,1,0,0,1
edokita,0,0,1,3,2,0,0,0,0,1,1,1,1,1
steamcommuniitie,0,0,1,2,1,0,0,0,0,1,1,0,0,1
3659dd,0,0,0,0,1,0,0,0,0,1,1,1,1,1
strandtogether,0,0,0,0,1,0,0,0,0,1,1,0,0,1
godaddysites,0,0,0,0,3,0,0,0,0,1,1,0,1,1
gov-4update,0,0,0,2,2,0,0,0,1,1,1,1,1,1
sparkassesicherheit,0,0,0,1,1,0,0,0,0,1,1,0,0,1
workers,0,0,0,0,3,0,0,0,0,1,1,0,0,1
uc-free,0,0,0,1,2,0,0,0,0,1,1,0,1,1
vip3659a,0,0,0,0,1,0,0,0,0,1,1,1,1,1
cloudfront,0,0,0,0,1,0,0,0,1,1,1,0,2,1
workers,0,0,0,0,2,0,0,0,0,1,1,0,0,1
dweb,0,0,1,1,1,0,0,0,0,1,1,1,1,1
sharestion,0,0,1,5,15,0,0,0,0,1,1,0,1,1
3656ooo,0,0,0,0,1,0,0,0,0,1,1,1,1,1
africaleadcorporation,0,1,1,2,4,0,0,0,0,1,1,0,0,1
iplayukulele,0,0,1,2,1,0,0,0,0,1,1,0,3,1
gg83659,0,0,0,0,1,0,0,0,0,1,1,1,1,1
cfolks,0,0,1,6,6,0,0,0,0,1,1,0,0,1
in,0,0,0,1,1,0,0,0,0,1,1,0,0,1
webwave,0,0,0,0,1,0,0,0,0,1,1,0,1,1
ayuda-telefonica,0,0,0,0,2,0,0,0,0,1,1,0,0,1
workers,0,0,0,0,2,0,0,0,0,1,1,0,0,1
whatsarspp,0,0,0,0,1,0,0,0,0,1,1,0,0,1
akaniokashi7,0,0,0,1,1,0,0,0,0,1,1,1,1,1
generato-sistemaint,0,0,0,0,2,0,0,1,0,1,1,1,1,1
weebly,0,0,0,0,1,0,0,0,0,0,0,0,1,1
godaddysites,0,0,0,0,2,0,0,0,0,1,1,0,1,1
generatingcontent,0,0,1,2,13,0,0,0,0,1,1,1,1,1
atoclaim,0,0,0,1,1,0,0,0,0,1,1,0,1,1
cprapid,0,0,1,1,5,0,0,0,0,1,1,0,1,1
pages,0,0,0,0,2,0,0,0,0,1,1,1,1,1
dweb,0,0,1,0,1,0,0,0,0,1,1,0,1,1
weeblysite,0,0,0,0,1,0,0,0,0,1,1,0,1,1
3659eee,0,0,0,0,1,0,0,0,0,1,1,1,1,1
utopicum,0,0,1,1,3,0,0,0,0,1,1,0,0,1
fespugtclm,0,0,0,1,1,0,0,0,0,1,1,1,1,1
blogspot,0,0,1,0,1,0,0,1,1,1,1,0,1,1
instagram-apple,0,0,0,0,2,0,0,0,0,1,1,0,1,1
steaamcomunity,0,0,1,2,1,0,0,0,0,1,1,0,1,1
web,0,0,0,0,1,0,0,0,0,1,1,0,1,1
nailcanhillrun,0,0,0,1,1,0,0,0,0,1,1,0,2,1
nailcanhillrun,0,0,1,2,1,0,0,0,0,1,1,0,0,1
nailcanhillrun,0,0,1,2,1,0,0,0,0,1,1,0,0,1
nailcanhillrun,0,0,1,2,1,0,0,0,0,1,1,0,0,1
nailcanhillrun,0,0,1,2,1,0,0,0,0,1,1,0,0,1
amazonshopping,0,0,0,0,1,0,0,0,0,1,1,0,1,1
sharestion,0,0,1,5,15,0,0,0,0,1,1,0,1,1
github,0,0,0,1,1,0,0,0,0,1,1,0,0,1
ondigitalocean,0,0,1,0,4,0,0,0,0,1,1,0,0,1
econxtwire,0,0,0,1,2,0,0,0,0,1,1,0,0,1
econxtwire,0,0,0,2,2,0,0,0,0,1,1,0,0,1
econxtwire,0,0,0,2,2,0,0,0,0,1,1,0,0,1
econxtwire,0,0,0,2,2,0,0,0,0,1,1,0,0,1
uniswap,0,0,0,0,1,0,0,0,0,1,1,0,1,1
mediafire-jd,0,0,0,0,2,0,0,0,0,1,1,0,1,1
transportesmagnificos,0,0,1,3,2,0,0,0,0,1,1,0,0,1
weeblysite,0,0,0,0,3,0,0,0,0,1,1,0,1,1
plesk,0,0,1,4,9,0,0,0,0,1,1,0,1,1
hicrypto,0,0,0,0,1,0,0,0,0,1,1,1,1,1
myfreesites,0,0,0,0,1,0,0,0,0,1,1,0,1,1
3656v,0,0,0,0,1,0,0,0,0,1,1,1,1,1
cnchax,0,0,0,0,1,0,0,1,0,1,1,0,1,1
glitso,0,0,1,1,3,0,0,0,0,1,1,0,0,1
rwrdsevnt,0,0,0,0,1,0,0,0,0,1,1,0,0,1
shopfreefireuytin,0,0,0,0,1,0,0,0,0,1,1,0,1,1
pcrtestistanbul,0,0,0,0,1,0,0,0,0,1,1,0,1,1
iplayukulele,0,0,1,2,1,0,0,0,0,1,1,0,3,1
soeme,0,0,1,4,2,0,0,0,0,1,0,0,0,1
workers,0,0,1,0,3,0,0,0,0,1,1,0,0,1
cabomarlini,0,0,1,1,5,0,0,0,0,0,0,0,0,1
sorrentinovini,0,0,1,13,4,0,0,0,0,0,0,0,1,1
tricolornet,0,0,0,2,1,0,0,0,0,1,1,0,0,1
tricolornet,0,0,1,3,1,0,0,0,0,1,1,0,0,1
tricolornet,0,0,1,3,1,0,0,0,0,1,1,0,0,1
tricolornet,0,0,1,3,1,0,0,0,0,1,1,0,0,1
tricolornet,0,0,1,3,1,0,0,0,0,1,1,0,0,1
2vyou,0,0,0,2,1,0,0,0,0,1,1,0,0,1
lynetwork,0,0,0,0,1,0,0,0,0,1,1,0,1,1
zvpgetx,0,0,1,1,4,0,0,0,0,1,1,1,1,1
web,0,0,0,0,4,0,0,0,0,1,1,0,0,1
steamshensu,0,0,0,0,1,0,0,0,0,1,1,0,0,1
square,0,0,0,0,2,0,0,0,0,1,1,0,1,1
square,0,0,1,0,2,0,0,0,0,1,1,0,1,1
pure-growth,0,0,0,0,2,0,0,0,0,1,1,0,1,1
active-dinamica,0,0,0,0,2,0,0,0,0,1,1,0,0,1
spkpushaktivierung,0,0,0,0,1,0,0,0,0,1,1,0,0,1
iotlabels,0,0,0,0,1,0,0,0,0,1,1,1,0,1
berimtoobank,0,0,0,0,1,0,0,0,0,1,1,0,0,1
dating2stranger,0,0,0,0,1,0,0,0,0,1,1,1,1,1
amazonaws,0,1,1,3,4,0,0,0,0,0,0,0,0,1
jennalunsmanphotography,0,0,1,2,1,0,0,0,0,1,1,0,0,1
adriennepeppinphotography,0,0,1,2,1,0,0,0,0,1,1,1,0,1
workers,0,0,0,0,1,0,0,0,0,1,1,0,0,1
terminatorsvideogame,0,0,1,2,1,0,0,0,0,1,1,0,0,1
terminatorsvideogame,0,0,1,3,1,0,0,0,0,1,1,0,0,1
terminatorsvideogame,0,0,1,3,1,0,0,0,0,1,1,0,0,1
terminatorsvideogame,0,0,1,3,1,0,0,0,0,1,1,0,0,1
terminatorsvideogame,0,0,1,3,1,0,0,0,0,1,1,0,0,1
terminatorsvideogame,0,0,1,3,1,0,0,0,0,1,1,0,0,1
bet988v,0,0,0,0,1,0,0,0,0,1,1,0,1,1
dappsynchronize,0,0,0,0,1,0,0,0,0,1,1,1,1,1
3659ggg,0,0,0,0,1,0,0,0,0,1,1,1,1,1
web,0,0,0,0,3,0,0,0,0,1,1,0,1,1
coinbaeswallet,0,0,0,0,1,0,0,1,0,1,1,0,0,1
firebaseapp,0,0,0,1,4,0,0,0,1,1,1,0,1,1
3dsecurityidentification,0,0,1,6,3,0,0,0,0,1,1,0,0,1
mystrikingly,0,0,1,0,3,0,0,0,0,1,1,0,1,1
pantheonsite,0,0,1,0,2,0,0,0,0,1,1,0,0,1
limota,0,0,0,3,1,0,0,0,0,1,1,0,1,1
212.104.43.201,1,0,1,13,50,0,0,0,0,1,1,1,1,1
peligrosfutbolsala,0,0,0,1,1,0,0,0,0,1,1,0,1,1
nftything,0,0,0,3,1,0,0,0,0,1,1,1,1,1
nftything,0,0,1,3,1,0,0,0,0,1,1,1,1,1
nftything,0,0,0,3,1,0,0,0,0,1,1,1,1,1
nftything,0,0,1,3,1,0,0,0,0,1,1,1,1,1
nftything,0,0,0,3,1,0,0,0,0,1,1,1,1,1
c1,0,0,0,0,1,0,0,0,0,1,1,0,0,1
groganbrothers,0,0,0,0,1,0,0,0,0,0,0,1,1,1
web,0,0,0,0,1,0,0,0,0,1,1,0,1,1
webwave,0,0,0,0,1,0,0,0,0,1,1,0,1,1
whastsasapp,0,0,0,0,1,0,0,0,0,1,1,0,0,1
web,0,0,0,0,1,0,0,0,0,1,1,0,1,1
therobinhuntteam,0,0,1,0,1,0,0,0,0,1,1,1,1,1
therobinhuntteam,0,0,0,0,1,0,0,0,0,1,1,1,1,1
turnaroundsupport,0,0,1,1,1,0,0,1,0,1,1,0,1,1
turnaroundsupport,0,0,1,2,1,0,0,1,0,1,1,0,0,1
000webhostapp,0,0,1,2,2,0,0,0,0,1,1,0,0,1
microsoft-assistant,0,0,0,0,2,0,0,1,0,1,1,0,1,1
godaddysites,0,0,0,0,1,0,0,0,0,1,1,0,1,1
line,0,0,0,0,1,0,0,0,0,1,1,1,1,1
line,0,0,0,1,1,0,0,0,0,1,1,1,1,1
glitch,0,0,1,1,3,0,0,0,1,1,1,0,0,1
codeanyapp,0,0,1,1,6,0,0,0,0,1,1,0,1,1
plesk,0,0,1,0,5,0,0,0,0,1,1,1,1,1
abenterprises,0,0,1,3,1,0,0,0,0,1,1,0,1,1
abenterprises,0,0,1,4,1,0,0,0,0,1,1,0,0,1
abenterprises,0,0,1,4,1,0,0,0,0,1,1,0,0,1
abenterprises,0,0,1,4,1,0,0,0,0,1,1,0,0,1
abenterprises,0,0,1,4,1,0,0,0,0,1,1,0,0,1
live-website,0,0,1,3,3,0,0,0,0,1,1,0,0,1
live-website,0,0,1,3,3,0,0,0,0,1,1,0,0,1
live-website,0,0,1,3,3,0,0,0,0,1,1,0,0,1
ctznsvr1fy,0,0,0,1,2,0,0,0,0,1,1,0,0,1
augeprint,0,0,0,0,1,0,0,1,0,1,1,0,0,1
plesk,0,0,1,1,8,0,0,0,0,1,1,0,1,1
steampubggift,0,0,0,0,1,0,0,0,0,1,1,0,0,1
iaqcme,0,0,0,0,1,0,0,0,0,1,1,0,0,1
eu,0,0,0,0,1,0,0,0,0,1,1,0,0,1
metamaisk,0,0,0,0,1,0,0,0,0,1,1,0,1,1
hmc,0,0,0,0,2,0,0,0,0,1,1,0,1,1
hmc,1,0,1,2,5,0,0,0,0,1,1,0,0,1
engagedcapital,0,0,0,1,1,0,0,0,0,1,1,1,1,1
hmc,0,0,0,0,2,0,0,0,0,1,1,0,1,1
hmc,1,0,1,2,5,0,0,0,0,1,1,0,0,1
mystrikingly,0,0,0,0,2,0,0,0,0,1,1,0,1,1
mnrug,0,0,0,1,1,0,0,0,0,1,1,0,1,1
ottflicks,0,0,1,4,1,0,0,0,0,1,1,0,0,1
nhik,0,0,0,1,1,0,0,0,0,1,1,0,2,1
212.104.43.201,1,0,1,13,21,0,0,0,0,1,1,1,1,1
duckdns,0,0,1,2,3,0,0,0,0,1,1,0,0,1
nodeunblocker,0,0,1,8,4,0,0,0,0,1,1,0,1,1
nodeunblocker,0,0,1,7,23,1,0,0,0,1,1,0,0,1
bet988d,0,0,0,0,1,0,0,0,0,1,1,0,1,1
sharestion,0,0,1,5,15,0,0,0,0,1,1,0,1,1
weebly,0,0,0,0,1,0,0,0,0,0,0,0,1,1
linkler,0,0,1,4,2,0,0,0,0,1,1,0,0,1
ff-member-garene,0,0,0,0,3,0,0,0,0,1,1,0,0,1
dibaceram,0,0,1,4,2,0,0,0,0,1,1,0,0,1
jotform,0,0,0,1,1,0,0,0,0,0,0,0,0,1
212.104.43.201,1,0,1,14,51,0,0,0,0,1,1,1,1,1
115.78.226.68,1,0,0,1,2,0,0,0,0,1,1,0,0,1
co,0,0,0,0,1,0,0,0,0,1,1,1,1,1
co,0,0,0,0,1,0,0,0,0,1,1,1,1,1
co,0,0,1,1,1,0,0,0,0,1,1,1,1,1
co,0,0,1,1,1,0,0,0,0,1,1,1,1,1
co,0,0,0,0,1,0,0,0,0,1,1,1,1,1
web,0,0,0,0,3,0,0,0,0,1,1,0,0,1
144.24.218.30,1,0,0,1,1,0,0,0,0,1,1,0,0,1
ipfs,0,0,1,3,1,0,0,0,0,1,1,0,0,1
securenab-aus,0,0,0,0,2,0,0,0,0,1,1,0,0,1
napffx5,0,0,0,0,1,0,0,0,0,1,1,0,1,1
kr-metamask,0,0,0,0,2,0,0,0,0,1,1,0,0,1
dweb,0,0,1,0,1,0,0,0,0,1,1,0,1,1
repl,0,0,0,0,1,0,0,0,0,1,1,0,0,1
blogfizz,0,0,1,0,7,0,0,0,0,1,1,0,1,1
acamkaraca,0,0,0,0,1,0,0,0,0,1,1,1,1,1
chronicpaindoctor,0,0,1,4,3,0,0,0,0,1,1,0,1,1
0432333,0,0,0,0,1,0,0,0,0,1,1,1,1,1
github,0,0,0,0,1,0,0,0,0,1,1,0,1,1
imeteco,0,0,0,1,1,0,0,0,0,0,0,0,0,1
dr-hoffrichter,0,0,0,1,2,0,0,0,0,1,1,0,1,1
dr-hoffrichter,0,0,0,1,2,0,0,0,0,1,1,0,1,1
3659ppp,0,0,0,0,1,0,0,0,0,1,1,1,1,1
web,0,0,0,0,2,0,0,0,0,1,1,0,1,1
iyogaspace,0,0,0,1,1,0,0,0,0,1,1,0,2,1
212.104.43.201,1,0,1,19,100,0,0,0,0,1,1,1,1,1
212.104.43.201,1,0,1,11,37,0,0,0,0,1,1,1,1,1
mobilehub4u,0,0,1,5,1,0,0,0,0,1,1,0,3,1
peligrosfutbolsala,0,0,0,1,1,0,0,0,0,1,1,0,1,1
kafedam,0,0,1,4,31,0,0,0,0,1,1,0,0,1
unitedmartialartscenters,0,0,1,2,1,0,0,0,0,1,1,0,0,1
unitedmartialartscenters,0,0,1,3,1,0,0,0,0,1,1,0,0,1
unitedmartialartscenters,0,0,1,3,1,0,0,0,0,1,1,0,0,1
unitedmartialartscenters,0,0,1,3,1,0,0,0,0,1,1,0,0,1
unitedmartialartscenters,0,0,1,3,1,0,0,0,0,1,1,0,0,1
3115tt,0,0,0,0,1,0,0,0,0,1,1,1,1,1
myxsuit,0,0,0,0,1,0,0,1,0,1,1,0,1,1
multidexchain,0,0,0,0,1,0,0,0,0,1,1,0,1,1
blogspot,0,0,0,0,1,0,0,0,0,1,1,0,5,1
blogspot,0,0,0,0,3,0,0,1,1,1,1,0,4,1
policlinicariovermelho,0,0,0,0,1,0,0,0,0,1,1,0,1,1
bdsmkhex,0,0,0,0,1,0,0,0,0,1,1,0,1,1
decyd,0,0,0,0,1,0,0,0,0,1,1,0,0,1
walleteth-us,0,0,0,0,2,0,0,0,0,1,1,0,1,1
jp-options,0,0,0,0,2,0,0,0,0,1,1,0,1,1
blogspot,0,0,1,0,3,0,0,1,1,1,1,0,0,1
blogspot,0,0,0,0,1,0,0,0,0,1,1,0,2,1
puexterous,0,0,0,0,1,0,0,0,0,1,1,0,1,1
codeanyapp,0,0,1,3,5,0,0,0,0,1,1,0,0,1
pentahousing,0,0,1,2,2,0,0,0,0,1,1,0,1,1
appspot,0,0,1,0,3,0,0,1,1,1,1,0,1,1
dweb,0,0,1,0,1,0,0,0,0,1,1,0,1,1
decyd,0,0,0,0,1,0,0,0,0,1,1,0,0,1
glitch,0,0,1,1,3,0,0,0,1,1,1,0,0,1
dedyn,0,0,1,1,1,0,0,0,0,1,1,0,0,1
lastlocation-iphone,0,0,0,0,2,0,0,0,0,1,1,0,0,1
woodandthimble,0,0,1,3,1,0,0,0,0,1,1,0,0,1
w3s,0,0,1,0,1,0,0,0,0,1,1,0,1,1
tutoriavalorntclsesonlin-vetdri,0,0,1,0,2,0,0,0,0,1,1,0,0,1
ambtechonline,0,0,1,3,3,0,0,0,0,1,1,0,0,1
03513659,0,0,0,0,1,0,0,0,0,1,1,1,1,1
status-info,0,0,0,0,2,0,0,0,0,1,1,1,1,1
212.104.43.201,1,0,1,11,16,0,0,0,0,1,1,1,1,1
cloudtraccia,0,0,1,4,2,0,0,0,0,1,1,0,0,1
torneocittadiverona,0,0,1,3,3,0,0,0,0,1,1,0,3,1
glitch,0,0,1,1,3,0,0,0,1,1,1,0,0,1
semana-apenas,0,0,1,2,2,0,0,0,0,1,1,0,2,1
coinbase,0,0,0,0,1,0,0,0,0,1,1,0,1,1
vercel,0,0,0,0,3,0,0,0,0,1,1,0,0,1
source-assist-guide,0,0,1,1,3,0,0,0,0,1,1,0,2,1
att-itservices,0,0,1,3,6,0,0,0,0,1,1,1,1,1
firebaseapp,0,0,1,1,11,0,0,0,1,1,1,0,1,1
securecloudproject,0,0,0,0,1,0,0,0,0,1,1,1,1,1
squarespace,0,0,0,0,3,0,0,0,0,0,0,0,1,1
plesk,0,0,1,0,5,0,0,0,0,1,1,1,1,1
square,0,0,0,0,1,0,0,0,0,1,1,0,1,1
armourtech,1,0,1,4,1,0,0,0,0,1,1,0,0,1
hs-sites-eu1,0,0,0,0,3,0,0,0,0,1,1,0,0,1
org,0,0,1,0,1,0,1,0,1,1,1,1,0,1
co,0,0,0,0,1,0,0,0,0,1,1,1,1,1
ca-pay,0,0,1,3,2,0,0,0,0,1,1,1,1,1
ca-pay,0,0,1,4,2,0,0,0,0,1,1,1,1,1
ca-pay,0,0,1,4,2,0,0,0,0,1,1,1,1,1
ca-pay,0,0,1,4,2,0,0,0,0,1,1,1,1,1
ca-pay,0,0,1,4,2,0,0,0,0,1,1,1,1,1
ca-pay,0,0,1,4,2,0,0,0,0,1,1,1,1,1
ca-pay,0,0,1,4,2,0,0,0,0,1,1,1,1,1
ca-pay,0,0,1,3,2,0,0,0,0,1,1,1,1,1
ca-pay,0,0,1,4,11,0,0,0,0,1,1,1,1,1
dhlcvgjobs,0,0,0,0,1,0,0,0,0,1,1,0,1,1
kenkenuae,0,0,0,0,1,0,0,0,0,1,1,0,1,1
ndnmag,0,0,1,3,3,0,0,0,0,1,1,0,0,1
ndnmag,0,0,1,3,3,0,0,0,0,1,1,0,0,1
dhl-myparcel-tracking,0,0,0,0,3,0,0,0,0,1,1,1,1,1
ndnmag,0,0,1,3,3,0,0,0,0,1,1,0,0,1
yasersamra,0,0,1,4,4,0,0,0,0,1,1,0,0,1
ndnmag,0,0,1,3,3,0,0,0,0,1,1,0,0,1
ndnmag,0,0,1,3,3,0,0,0,0,1,1,0,0,1
ndnmag,0,0,1,3,3,0,0,0,0,1,1,0,0,1
mutfakci,0,0,1,2,1,0,0,0,0,1,1,0,0,1
workers,0,0,0,0,1,0,0,0,0,1,1,0,0,1
onet,0,0,1,2,1,0,0,1,0,0,0,1,1,1
blwcampusministry,0,0,1,2,1,0,0,0,0,1,1,1,1,1
source-assist-guide,0,0,0,0,3,0,0,0,0,1,1,0,2,1
ca-pay,0,0,1,4,2,0,0,0,0,1,1,1,1,1
blackgeeksofdragoncon,0,0,1,5,2,0,0,0,0,1,1,0,4,1
preferredhomerepair,0,0,1,2,1,0,0,0,0,1,1,1,1,1
sghidrocarburos,0,0,1,3,1,0,0,0,0,1,1,0,0,1
dweb,0,0,1,1,1,0,0,0,0,1,1,0,1,1
fbcaseappeal653245632142352,0,0,1,4,8,0,0,0,0,1,1,1,1,1
fbcaseappeal653245632142352,0,0,1,4,8,0,0,0,0,1,1,1,1,1
fbcaseappeal653245632142352,0,0,1,4,8,0,0,0,0,1,1,1,1,1
fbcaseappeal653245632142352,0,0,1,3,2,0,0,0,0,1,1,1,1,1
fbcaseappeal653245632142352,0,0,1,3,4,0,0,0,0,1,1,1,1,1
edenwestreporting,0,0,1,1,2,0,0,0,0,1,1,0,0,1
digitaloceanspaces,0,0,1,1,1,0,0,0,0,1,1,0,1,1
212.104.43.201,1,0,1,16,75,0,0,0,0,1,1,1,1,1
wpaxzlj-jok-5,0,0,0,1,3,0,0,0,0,1,1,1,1,1
glitch,0,0,1,1,3,0,0,0,1,1,1,0,0,1
hetvolwassenorkest,0,0,0,1,1,0,0,0,0,1,1,0,2,1
212.104.43.201,1,0,1,14,55,0,0,0,0,1,1,1,1,1
customfencer,0,0,1,2,1,0,0,0,0,1,1,0,0,1
customfencer,0,0,1,3,1,0,0,0,0,1,1,0,0,1
customfencer,0,0,1,3,1,0,0,0,0,1,1,0,0,1
customfencer,0,0,1,3,1,0,0,0,0,1,1,0,0,1
customfencer,0,0,1,3,1,0,0,0,0,1,1,0,0,1
axspngg5,0,0,0,2,1,0,0,0,0,1,1,1,1,1
axspngg5,0,0,1,3,1,0,0,0,0,1,1,1,1,1
axspngg5,0,0,1,3,1,0,0,0,0,1,1,1,1,1
axspngg5,0,0,1,3,1,0,0,0,0,1,1,1,1,1
axspngg5,0,0,1,3,1,0,0,0,0,1,1,1,1,1
212.104.43.201,1,0,1,13,48,0,0,0,0,1,1,1,1,1
mobilehub4u,0,0,1,4,1,0,0,0,0,1,1,0,3,1
duckdns,0,0,1,2,3,0,0,0,0,1,1,0,0,1
servebeer,0,0,1,2,1,0,0,0,1,1,1,0,0,1
servebeer,0,0,1,2,1,0,0,0,1,1,1,0,0,1
servebeer,0,0,1,2,1,0,0,0,1,1,1,0,0,1
servebeer,0,0,1,2,1,0,0,0,1,1,1,0,0,1
webwave,0,0,1,3,2,0,0,0,0,1,1,0,1,1
spiritliving,0,0,0,1,1,0,0,0,0,1,1,0,0,1
tpipelinedev,0,0,1,2,1,0,0,0,0,1,1,0,0,1
tdgmatrimoniosplus,0,0,0,1,1,0,0,0,0,1,1,0,0,1
tdgmatrimoniosplus,0,0,1,2,1,0,0,0,0,1,1,0,0,1
tdgmatrimoniosplus,0,0,1,2,1,0,0,0,0,1,1,0,0,1
tdgmatrimoniosplus,0,0,1,2,1,0,0,0,0,1,1,0,0,1
workers,0,0,0,0,2,0,0,0,0,1,1,0,0,1
nodeunblocker,0,0,1,6,16,1,0,0,0,1,1,0,4,1
nodeunblocker,0,0,1,4,13,0,0,0,0,1,1,0,3,1
nodeunblocker,0,0,1,6,26,1,0,0,0,1,1,0,4,1
line,0,0,0,2,1,0,0,0,0,1,1,1,1,1
55k365,0,0,0,0,1,0,0,0,0,1,1,1,1,1
912337,0,0,0,0,1,0,0,0,0,1,1,1,1,1
caisseregionaleca,0,0,0,0,1,0,0,0,0,1,1,0,2,1
weeblysite,0,0,1,0,4,0,0,0,0,1,1,0,1,1
coinbasewalletones,0,0,0,0,1,0,0,0,0,1,1,0,1,1
3659ppp,0,0,0,0,1,0,0,0,0,1,1,1,1,1
firebaseapp,0,0,1,0,4,0,0,0,1,1,1,0,0,1
firebaseapp,0,0,1,0,4,0,0,0,1,1,1,0,0,1
web,0,0,0,0,4,0,0,0,0,1,1,0,0,1
firebaseapp,0,0,1,0,4,0,0,0,1,1,1,0,0,1
web,0,0,0,0,4,0,0,0,0,1,1,0,0,1
firebaseapp,0,0,1,0,4,0,0,0,1,1,1,0,0,1
web,0,0,0,0,3,0,0,0,0,1,1,0,0,1
firebaseapp,0,0,1,0,3,0,0,0,1,1,1,0,0,1
firebaseapp,0,0,1,0,1,0,0,0,1,1,1,0,0,1
firebaseapp,0,0,0,0,1,0,0,0,1,1,1,0,0,1
web,0,0,0,0,1,0,0,0,0,1,1,0,0,1
firebaseapp,0,0,0,0,1,0,0,0,1,1,1,0,0,1
firebaseapp,0,0,1,0,3,0,0,0,1,1,1,0,0,1
web,0,0,1,0,3,0,0,0,0,1,1,0,0,1
firebaseapp,0,0,1,0,1,0,0,0,1,1,1,0,0,1
panckakeswap-ilv,0,0,0,0,2,0,0,0,0,1,1,0,0,1
firebaseapp,0,0,0,0,2,0,0,0,1,1,1,0,0,1
dieukhactbk,0,0,1,6,2,0,0,0,0,1,1,1,0,1
setback-2-triumph,0,0,0,1,3,0,0,0,0,1,1,0,0,1
mh2xyq,0,0,0,0,1,0,0,0,0,1,1,1,1,1
kursykuraray,0,0,1,7,9,0,0,0,0,1,1,0,1,1
kursykuraray,0,0,1,7,2,0,0,0,0,1,1,0,0,1
kursykuraray,0,0,1,7,2,0,0,0,0,1,1,0,0,1
kursykuraray,0,0,1,7,2,0,0,0,0,1,1,0,0,1
kursykuraray,0,0,1,7,2,0,0,0,0,1,1,0,0,1
kursykuraray,0,0,1,7,2,0,0,0,0,1,1,0,0,1
hwcdn,0,0,0,0,1,0,0,0,0,0,0,0,0,1
kr-metamask,0,0,0,0,2,0,0,0,0,1,1,0,0,1
jp-metamask,0,0,0,0,2,0,0,0,0,1,1,0,0,1
thearchve,0,0,0,1,1,0,0,0,0,1,1,1,1,1
gmsrrpobkbd,0,0,1,2,2,0,0,0,0,1,1,1,1,1
3659006,0,0,0,0,1,0,0,0,0,1,1,1,1,1
vercel,0,0,1,0,4,0,0,0,0,1,1,0,1,1
firebaseapp,0,0,0,0,3,0,0,0,1,1,1,0,1,1
b10g,0,0,0,0,1,0,0,0,0,1,1,0,2,1
panckakeswap-qnt,0,0,0,0,2,0,0,1,0,1,1,0,0,1
panckacswap,0,0,0,0,1,0,0,0,0,1,1,0,0,1
amazonaws,0,1,1,3,4,0,0,0,0,0,0,0,0,1
rawtennis,0,0,1,2,1,0,0,0,0,0,0,0,0,1
ferozo,0,0,0,0,1,0,0,0,0,0,0,0,0,1
ferozo,0,0,0,1,2,0,0,0,0,0,0,0,0,1
ferozo,0,0,0,1,2,0,0,0,0,0,0,0,0,1
ferozo,0,0,0,1,2,0,0,0,0,0,0,0,0,1
fbcaseappeal653245632142352,0,0,1,2,2,0,0,0,0,1,1,1,1,1
appspot,0,0,1,0,5,0,0,1,1,1,1,0,0,1
pantheonsite,0,0,0,0,2,0,0,0,0,1,1,0,1,1
pantheonsite,0,0,1,0,3,0,0,0,0,1,1,0,1,1
762project,0,0,0,0,1,0,0,0,0,1,1,0,1,1
aimrg,0,0,0,0,1,0,0,0,0,0,0,0,0,1
spinsygyiten,0,0,0,0,1,0,0,0,0,1,1,0,0,1
appspot,0,0,1,0,5,0,0,1,1,1,1,0,0,1
inforegihtofuses,0,0,0,0,1,0,0,0,0,1,1,0,0,1
workers,0,0,1,0,1,0,0,0,0,1,1,0,0,1
gsdev,0,0,1,2,3,0,0,0,0,1,1,0,1,1
myportfolio,0,0,1,0,2,0,0,0,0,0,0,0,1,1
shopeinnovationt,0,0,0,0,1,0,0,1,0,1,1,0,1,1
dupplo,0,0,0,0,1,0,0,0,0,0,0,0,0,1
erpagro,0,0,1,2,8,0,0,0,0,1,1,0,0,1
filedn,0,0,1,2,1,0,0,0,0,1,1,0,0,1
myportfolio,0,0,1,0,1,0,0,0,0,0,0,0,1,1
azurewebsites,0,0,0,0,1,0,0,0,1,1,1,0,0,1
tw1,0,0,0,1,1,0,0,0,0,0,0,0,1,1
bebu,0,0,0,0,1,0,0,0,0,1,1,0,1,1
myshopify,0,0,1,0,4,0,0,0,1,1,1,0,0,1
repl,0,0,0,0,1,0,0,0,0,1,1,0,0,1
repl,0,0,0,0,1,0,0,0,0,1,1,0,0,1
binaryresistor,0,0,0,0,1,0,0,0,0,1,1,0,1,1
e-access-itservices,0,0,1,3,6,0,0,0,0,1,1,1,1,1
dontforgettoeat-foodforthought,0,0,0,0,2,0,0,1,0,1,1,1,1,1
dweb,0,0,1,0,1,0,0,0,0,1,1,0,1,1
